['subcategory_95" title="General Business Birthday Greeting Cards"><a href="/catalog/category/Business_Birthday_Cards_General">General Birthday Cards</a></li>'],
['subcategory_82" title="Bulk Floral Birthday Greeting Cards"><a href="/catalog/category/Business_Birthday_Cards_Floral">Floral Birthday Cards</a></li>'],
['subcategory_96" title="Scenic Birthday Greeting Cards"><a href="/catalog/category/Business_Birthday_Cards_Scenic">Scenic Birthday Cards</a></li>'],
['subcategory_245" title="Business Logo Birthday Cards"><a href="/catalog/category/Custom_Birthday_Cards">Logo Birthday Cards</a></li>'],
['subcategory_281" title="Business Photo Birthday Cards"><a href="/catalog/category/Photo_Birthday_Cards">Photo Birthday Cards</a></li>'],
['subcategory_274" title="Custom Verse Birthday Cards"><a href="/catalog/category/Business_Birthday_Cards_Blank">Custom Verse Birthday</a></li>'],
['subcategory_304" title="Recycled Business Birthday Cards"><a href="/catalog/category/Recycled_Birthday_Cards">Recycled Birthday Cards</a></li>'],
['subcategory_303" title="Happy Birthday From All"><a href="/catalog/category/Birthday_From_All">From All of Us</a></li>'],
['subcategory_109" title="Bulk Religious Birthday Cards"><a href="/catalog/category/Business_Religious_Birthday_Cards">Religious Birthday Cards</a></li>'],
['subcategory_94" title="Children&#x27;s Birthday Greeting Cards"><a href="/catalog/category/Business_Birthday_Cards_Children">Children&#x27;s Birthday Cards</a></li>'],
['subcategory_106" title="Financial Birthday Greeting Cards"><a href="/catalog/category/Business_Birthday_Cards_Financial">Financial Birthday Cards</a></li>'],
['subcategory_90" title="Automotive Birthday Greeting Cards"><a href="/catalog/category/Business_Birthday_Cards_Automotive">Auto Birthday Cards</a></li>'],
['subcategory_87" title="Insurance Birthday Greeting Cards"><a href="/catalog/category/Business_Birthday_Cards_Insurance">Insurance Birthday Cards</a></li>'],
['subcategory_91" title="Real Estate Birthday Greeting Cards"><a href="/catalog/category/Business_Birthday_Cards_Real_Estate">Home Theme Birthday Cards</a></li>'],
['subcategory_212" title="Construction Theme Business Birthday Cards"><a href="/catalog/category/Construction_Birthday_Cards">Construction Birthday</a></li>'],
['subcategory_251" title="Dental Birthday Cards"><a href="/catalog/category/Dental_Birthday_Cards">Dental Birthday Cards</a></li>'],
['subcategory_216" title="Medical Birthday Cards"><a href="/catalog/category/Medical_Birthday_Cards">Medical Birthday Cards</a></li>'],
['subcategory_107" title="Travel Birthday Greeting Cards"><a href="/catalog/category/Business_Birthday_Cards_Travel">Travel Birthday Cards</a></li>'],
['subcategory_211" title="Golf Business Birthday Cards"><a href="/catalog/category/Golf_Business_Birthday_Cards">Golf Birthday Cards</a></li>'],
['subcategory_93" title="Patriotic Business Birthday Cards"><a href="/catalog/category/Business_Birthday_Cards_Patriotic">Patriotic Birthday Cards</a></li>'],
['subcategory_81" title="Business Birthday Postcards"><a href="/catalog/category/Business_Birthday_Postcards">Birthday Postcards</a></li>'],
['subcategory_175" title="Business Spanish Birthday Cards"><a href="/catalog/category/Spanish_Birthday_Cards">Spanish Birthday Cards</a></li>'],
['subcategory_176" title="Business Chinese Birthday Cards"><a href="/catalog/category/Chinese_Birthday_Cards">Chinese Birthday Cards</a></li>'],
['subcategory_308" title="Birthday Card Assortments"><a href="/catalog/category/Birthday_Card_Assortment_Packs">Birthday Card Assortment Packs</a></li></ul></li>'],
['subcategory_188" title="Business Thank You Greeting Cards"><a href="/catalog/category/All_Thank_You_Cards">General Thank You Cards</a></li>'],
['subcategory_217" title="Custom Logo Thank You Cards"><a href="/catalog/category/Custom_Logo_Thank_You_Cards">Custom Thank You Cards</a></li>'],
['subcategory_305" title="Recycled Business Thank You Cards"><a href="/catalog/category/Recycled_Thank_You_Cards">Recycled Thank You Cards</a></li>'],
['subcategory_195" title="Referral Thank You Cards for Business"><a href="/catalog/category/Referral_Thank_You_Cards">Referral Thank You Cards</a></li>'],
['subcategory_190" title="Appointment Thank You Cards for Business"><a href="/catalog/category/Appointment_Thank_You_Cards">Appointment Thank You</a></li>'],
['subcategory_215" title="Business Thank You Postcards"><a href="/catalog/category/Thank_You_Postcards">Thank You Postcards</a></li></ul></li>'],
['subcategory_144" title="Business Sympathy Greeting Cards"><a href="/catalog/category/Sympathy_Cards">Sympathy Cards</a></li>'],
['subcategory_145" title="Corporate Anniversary Greeting Cards"><a href="/catalog/category/Business_Anniversary_Cards">Anniversary Cards</a></li>'],
['subcategory_147" title="Business Congratulations Greeting Cards"><a href="/catalog/category/Congratulations_Cards">Congratulations Cards</a></li>'],
['subcategory_148" title="Corporate Business Note Cards"><a href="/catalog/category/Business_Note_Cards">Business Note Cards</a></li>'],
['subcategory_218" title="Custom Logo Note Cards"><a href="/catalog/category/Logo_Note_Cards">Custom Note Cards</a></li>'],
['subcategory_282" title="Custom Monogram Note Cards"><a href="/catalog/category/Monogram_Note_Cards">Monogram Note Cards</a></li>'],
['subcategory_214" title="Employee Welcome Cards"><a href="/catalog/category/Welcome_Cards">Welcome Cards</a></li>'],
['subcategory_149" title="Business Thinking of You Greeting Cards"><a href="/catalog/category/Thinking_of_You_Cards">Thinking of You Cards</a></li>'],
['subcategory_137" title="Business Get Well Greeting Cards"><a href="/catalog/category/Get_Well_Cards">Get Well Cards</a></li>'],
['subcategory_150" title="New Baby Congratulations Cards"><a href="/catalog/category/New_Baby_Greeting_Cards">New Baby Cards</a></li>'],
['subcategory_151" title="Name in the News Greeting Cards"><a href="/catalog/category/Name_In_The_News_Cards">Name in the News Cards</a></li>'],
['subcategory_294" title="Retirement Congratulations Cards"><a href="/catalog/category/Retirement_Cards">Retirement Cards</a></li>'],
['subcategory_295" title="Wedding Congratulations Cards"><a href="/catalog/category/Wedding_Congratulations_Cards">Wedding Congratulations</a></li>'],
['subcategory_296" title="Graduation Congratulations Cards"><a href="/catalog/category/Graduation_Cards">Graduation Cards</a></li></ul></li>'],
['subcategory_124" title="Bulk Valentine&#x27;s Day Greeting Cards"><a href="/catalog/category/Business_Holiday_Cards_Valentines_Day">Valentine&#x27;s Day Cards</a></li>'],
['subcategory_160" title="St. Patrick&#x27;s Day Greeting Cards"><a href="/catalog/category/Business_Holiday_Cards_St_Patricks_Day">St. Patrick&#x27;s Day Cards</a></li>'],
['subcategory_161" title="Bulk Easter Greeting Cards"><a href="/catalog/category/Business_Holiday_Cards_Easter">Easter Cards</a></li>'],
['subcategory_272" title="Business Earth Day Cards"><a href="/catalog/category/Business_Earth_Day_Cards">Earth Day Cards</a></li>'],
['subcategory_291" title="Business Mardi Gras Cards"><a href="/catalog/category/Mardi_Gras_Cards">Mardi Gras Cards</a></li>'],
['subcategory_273" title="Veteran&#x27;s Day, Memorial Day"><a href="/catalog/category/Patriotic_Holiday_Cards">Memorial Day Cards</a></li>'],
['subcategory_213" title="Mother&#x27;s Day Cards &amp; Father&#x27;s Day Cards"><a href="/catalog/category/Mothers_Day_Fathers_Day">Mother&#x27;s/Father&#x27;s Day</a></li>'],
['subcategory_293" title="Business Cinco de Mayo Cards"><a href="/catalog/category/Cinco_de_Mayo_Cards">Cinco de Mayo Cards</a></li>'],
['subcategory_162" title="Business Spring and Summer Greeting Cards"><a href="/catalog/category/Business_Holiday_Cards_Spring_Summer">Season&#x27;s Cards</a></li>'],
['subcategory_163" title="Business 4th of July Greeting Cards"><a href="/catalog/category/Business_Holiday_Cards_4th_of_July">4th of July Cards</a></li>'],
['subcategory_219" title="Business Canada Day Cards"><a href="/catalog/category/Canada_Day_Cards">Canada Day Cards</a></li>'],
['subcategory_84" title="Bulk Halloween Greeting Cards"><a href="/catalog/category/Business_Holiday_Cards_Halloween">Halloween Cards</a></li>'],
['subcategory_297" title="Business Veteran&#x27;s Day Cards"><a href="/catalog/category/Veterans_Day_Cards">Veteran&#x27;s Day Cards</a></li>'],
['subcategory_292" title="Time Change Reminder Cards"><a href="/catalog/category/Time_Change_Cards">Time Change Cards</a></li>'],
['subcategory_254" title="Chinese New Year Cards"><a href="/catalog/category/Chinese_New_Year">Chinese New Year</a></li></ul></li>'],
['subcategory_266" title="Employee Birthday Cards"><a href="/catalog/category/Employee_Birthday_Cards">Employee Birthday Cards</a></li>'],
['subcategory_267" title="Employee Anniversary Cards"><a href="/catalog/category/Employee_Anniversary_Cards">Employee Anniversary Cards</a></li>'],
['subcategory_268" title="Employee Congratulations Cards"><a href="/catalog/category/Employee_Congratulations_Cards">Employee Congratulations Cards</a></li>'],
['subcategory_269" title="Employee Welcome Cards"><a href="/catalog/category/Employee_Welcome_Cards">Employee Welcome Cards</a></li>'],
['subcategory_270" title="Employee Thank You Cards"><a href="/catalog/category/Employee_Thank_You_Cards">Employee Thank You Cards</a></li></ul></li>'],
['subcategory_284" title="Green Birthday Cards"><a href="/catalog/category/Green_Birthday_Cards">Green Birthday Cards</a></li>'],
['subcategory_112" title="Green Recycled All Occasion Greeting Cards"><a href="/catalog/category/GREEN_All_Occasion_Cards">Green All Occasion Cards</a></li>'],
['subcategory_133" title="Green Recycled Holiday Greeting Cards"><a href="/catalog/category/GREEN_Holiday_Cards">Green Holiday Cards</a></li>'],
['subcategory_285" title="Green Thanksgiving Cards"><a href="/catalog/category/Green_Thanksgiving_Cards">Green Thanksgiving Cards</a></li>'],
['subcategory_286" title="Green Earth Day Cards"><a href="/catalog/category/Green_Earth_Day_Cards">Green Earth Day Cards</a></li></ul></li>'],
['subcategory_120" title="Business Holiday Cards"><a href="/catalog/category/Business_Holiday_Cards_Seasons_Greetings">General Holiday Cards</a></li>'],
['subcategory_283" title="Scenic Holiday Cards"><a href="/catalog/category/Scenic_Holiday_Cards">Scenic Holiday Cards</a></li>'],
['subcategory_121" title="Business Christmas Cards"><a href="/catalog/category/Business_Holiday_Cards_Christmas">Business Christmas Cards</a></li>'],
['subcategory_204" title="Business Holiday Photo Cards"><a href="/catalog/category/Holiday_Photo_Logo_Cards">Photo Holiday Cards</a></li>'],
['subcategory_255" title="Business Holiday Logo Cards"><a href="/catalog/category/holiday_logo_cards">Logo Holiday Cards</a></li>'],
['subcategory_275" title="Custom Verse Holiday Cards"><a href="/catalog/category/Business_Holiday_Cards_Blank">Custom Verse Holiday Cards</a></li>'],
['subcategory_123" title="Business New Year&#x27;s Cards"><a href="/catalog/category/Business_Holiday_Cards_New_Year">New Year&#x27;s Cards</a></li>'],
['subcategory_301" title="Business Calendar Cards"><a href="/catalog/category/Holiday_Calendar_Cards">Holiday Calendar Cards</a></li>'],
['subcategory_306" title="Recycled Business Holiday Cards"><a href="/catalog/category/Recycled_Holiday_Cards">Recycled Holiday Cards</a></li>'],
['subcategory_115" title="Financial Holiday Cards"><a href="/catalog/category/Business_Holiday_Cards_Financial">Financial Holiday Cards</a></li>'],
['subcategory_125" title="Insurance Holiday Cards"><a href="/catalog/category/Business_Holiday_Cards_Insurance">Insurance Holiday Cards</a></li>'],
['subcategory_77" title="Automotive Holiday Cards"><a href="/catalog/category/Business_Holiday_Cards_Automotive">Automotive Holiday Cards</a></li>'],
['subcategory_126" title="Realtor Holiday Cards"><a href="/catalog/category/Business_Holiday_Cards_Real_Estate">Home Theme Holiday Cards</a></li>'],
['subcategory_127" title="Travel Holiday Cards"><a href="/catalog/category/Business_Holiday_Cards_Travel">Travel Holiday Cards</a></li>'],
['subcategory_226" title="Construction Holiday Cards"><a href="/catalog/category/Construction_Holiday_Cards">Construction Holiday Cards</a></li>'],
['subcategory_227" title="Dental Holiday Cards"><a href="/catalog/category/Dental_Holiday_Cards">Dental Holiday Cards</a></li>'],
['subcategory_252" title="Medical Holiday Cards"><a href="/catalog/category/Medical_Holiday_Cards">Medical Holiday Cards</a></li>'],
['subcategory_122" title="Patriotic Holiday Cards"><a href="/catalog/category/Business_Holiday_Cards_Patriotic">Patriotic Holiday Cards</a></li>'],
['subcategory_128" title="International Greeting Cards"><a href="/catalog/category/Business_Holiday_Cards_International">International Holiday Cards</a></li>'],
['subcategory_228" title="Business Holiday Thank You Cards"><a href="/catalog/category/Holiday_Thank_You_Cards">Holiday Thank You Cards</a></li>'],
['subcategory_116" title="Business Holiday Postcards"><a href="/catalog/category/Business_Holiday_Postcards">Holiday Postcards</a></li>'],
['subcategory_117" title="Jewish Holiday Cards"><a href="/catalog/category/Business_Holiday_Cards_Hanukkah">Jewish Holiday Cards</a></li></ul></li>'],
['subcategory_119" title="Business Thanksgiving Cards"><a href="/catalog/category/Business_Holiday_Cards_Thanksgiving_Cards">General Thanksgiving Cards</a></li>'],
['subcategory_202" title="Thanksgiving Photo Cards"><a href="/catalog/category/Thanksgiving_Photo_Logo_Cards">Photo Thanksgiving Cards</a></li>'],
['subcategory_256" title="Business Thanksgiving Logo Cards"><a href="/catalog/category/thanksgiving_logo_cards">Logo Thanksgiving Cards</a></li>'],
['subcategory_276" title="Custom Verse Thanksgiving Cards"><a href="/catalog/category/Business_Thanksgiving_Cards_Blank">Custom Verse Thanksgiving</a></li>'],
['subcategory_307" title="Recycled Business Thanksgiving Cards"><a href="/catalog/category/Recycled_Thanksgiving_Cards">Recycled Thanksgiving Cards</a></li>'],
['subcategory_224" title="Business Thanksgiving Postcards"><a href="/catalog/category/Thanksgiving_Postcards">Thanksgiving Postcards</a></li>'],
['subcategory_203" title="Business Thanksgiving Letterhead"><a href="/catalog/category/Thanksgiving_Letterhead">Thanksgiving Letterhead</a></li></ul></li>'],
['subcategory_288" title="Business Card Calendars"><a href="/catalog/category/Card_Calendars">Premium Calendar Cards</a></li>'],
['subcategory_130" title="Business Wall Calendars"><a href="/catalog/category/Business_Wall_Calendars">Calendar Cards</a></li>'],
['subcategory_132" title="Personalized Business Desk Calendars"><a href="/catalog/category/Business_Desk_Calendars">Desk Calendars</a></li>'],
['subcategory_302" title="Foil Calendar Cards"><a href="/catalog/category/Foil_Calendar_Cards">Foil Calendar Cards</a></li>'],
['subcategory_131" title="Personalized Magnetic Calendars"><a href="/catalog/category/Business_Magnetic_Calendars">Magnetic Calendars</a></li>'],
['subcategory_289" title="Mini Wall Calendars"><a href="/catalog/category/Mini_Calendars">Mini Calendars</a></li>'],
['subcategory_225" title="Custom Photo Logo Calendar Cards"><a href="/catalog/category/Custom_Wall_Calendars">Custom Calendar Cards</a></li></ul></li>'],
['subcategory_260" title="Financial Greeting Cards"><a href="/catalog/category/financial_greeting_cards">Financial Greeting Cards</a></li>'],
['subcategory_258" title="Insurance Greeting Cards"><a href="/catalog/category/insurance_greeting_cards">Insurance Greeting Cards</a></li>'],
['subcategory_261" title="Auto Greeting Cards"><a href="/catalog/category/automotive_greeting_cards">Auto Greeting Cards</a></li>'],
['subcategory_259" title="Real Estate Greeting Cards"><a href="/catalog/category/real_estate_greeting_cards">Real Estate Greeting Cards</a></li>'],
['subcategory_262" title="Travel Greeting Cards"><a href="/catalog/category/travel_greeting_cards">Travel Greeting Cards</a></li>'],
['subcategory_263" title="Construction Industry Greeting Cards"><a href="/catalog/category/construction_greeting_cards">Construction Greeting Cards</a></li>'],
['subcategory_264" title="Dental Industry Greeting Cards"><a href="/catalog/category/dental_greeting_cards">Dental Greeting Cards</a></li>'],
['subcategory_265" title="Medical Industry Greeting Cards"><a href="/catalog/category/medical_greeting_cards">Medical Greeting Cards</a></li></ul></li>'],
['subcategory_110" title="Bulk Religious Birthday Cards"><a href="/catalog/category/Religious_Birthday_Cards">Religious Birthday Cards</a></li>'],
['subcategory_113" title="Bulk Christian Holiday Greeting Cards"><a href="/catalog/category/Christian_Holiday_Cards">Christian Holiday Cards</a></li>'],
['subcategory_298" title="Christian All Occasion Cards"><a href="/catalog/category/Religious_All_Occasion_Cards">Religious All Occasion Cards</a></li>'],
['subcategory_92" title="Hanukkah Greeting Cards"><a href="/catalog/category/Religious_Jewish_Holiday_Cards">Jewish Holiday Cards</a></li></ul></li>'],
['subcategory_242" title="Overstock Specials"><a href="/catalog/category/Overstock_Specials_All_Occasion">All Occasion Specials</a></li>'],
['subcategory_250" title="Holiday Overstock Specials"><a href="/catalog/category/Overstock_Specials_Holiday">Holiday Specials</a></li></ul></li>'],
['subcategory_83" title="Additional All Occasion Envelopes"><a href="/catalog/category/Extra_Envelopes_All_Occasion">All Occasion Envelopes</a></li>'],
['subcategory_85" title="Additional Holiday Envelopes"><a href="/catalog/category/Extra_Envelopes_Holiday">Holiday Envelopes</a></li></ul></li>'],
['subcategory_88" title="Premium All Occasion Greeting Cards"><a href="/catalog/category/Premium_All_Occasion_Cards">Premium Birthday Cards</a></li>'],
['subcategory_86" title="Value All Occasion Greeting Cards"><a href="/catalog/category/Value_All_Occasion_Cards">Value Birthday Cards</a></li>'],
['subcategory_89" title="Budget All Occasion Greeting Cards"><a href="/catalog/category/Budget_All_Occasion_Cards">Budget Birthday Cards</a></li>'],
['subcategory_118" title="Upscale Holiday Greeting Cards"><a href="/catalog/category/Upscale_Holiday_Cards">Upscale Holiday Cards</a></li>'],
['subcategory_134" title="Premium Holiday Greeting Cards"><a href="/catalog/category/Premium_Holiday_Cards">Premium Holiday Cards</a></li>'],
['subcategory_135" title="Value Holiday Greeting Cards"><a href="/catalog/category/Value_Holiday_Cards">Value Holiday Cards</a></li>'],
['subcategory_79" title="Budget Holiday Greeting Cards"><a href="/catalog/category/Budget_Holiday_Cards">Budget Holiday Cards</a></li></ul></li>']